year,house,apartment_block,storage_repairs
2020,"3134643.27720","1353294.0",33755.0
2021,"2733711.49774",1152796,33755
2022,,,33755
2023,,,33755
2024,,,33755.0