year,house,apartment_block,kindergarten,school,university,office,retail,hotel,hospital,nursing_home,culture,sports,storage_repairs
2020,"3134643.27720","1353294.0",54326.0,151817.0,33636.0,284487.0,394675.0,84379.0,14532.0,42378.0,38575.0,116331.0,33755.0
2021,"2733711.49774",1152796,35550,109073,23337,206914,275334,58285,13824,30032,27936,76047,33755
2022,,,"34593",111337,23486,211725,277985,58463,15901,31218,28256,73903,33755
2023,,,34109,115746,24069,220572,285873,59700,18404,33130,29061,72721,33755
2024,,,30245,110949,22597,212418,269559,55805,19862,32159,27674,64252,33755.0